date,open,high,close,low,volume,price_change,p_change,ma5,ma10,ma20,v_ma5,v_ma10,v_ma20
2021-07-27,3467.45,3483.87,3381.18,3380.28,4690754.5,-86.26,-2.49,3507.282,3524.471,3536.285,4156849.4,3810461.93,3525138.08
2021-07-26,3538.01,3538.01,3467.44,3424.74,4428822.0,-82.96,-2.34,3538.404,3543.005,3545.885,3806259.7,3703803.18,3443635.94
2021-07-23,3571.72,3571.85,3550.4,3541.51,4464212.5,-24.33,-0.68,3552.74,3551.045,3552.832,3594017.2,3664560.53,3382832.33
2021-07-22,3563.66,3576.47,3574.73,3558.29,3810670.5,12.07,0.34,3550.52,3548.414,3555.69,3433204.25,3568023.6,3332665.61
2021-07-21,3543.05,3569.09,3562.66,3543.05,3389787.5,25.87,0.73,3548.492,3543.491,3555.286,3397588.5,3537834.4,3309852.46
2021-07-20,3515.07,3538.64,3536.79,3509.19,2937806.0,-2.33,-0.07,3541.66,3542.597,3555.464,3464074.45,3517694.85,3295717.85
2021-07-19,3530.49,3544.88,3539.12,3506.34,3367609.5,-0.18,-0.01,3547.606,3541.944,3556.495,3601346.65,3537984.45,3302595.75
2021-07-16,3559.53,3566.0,3539.3,3537.73,3660147.75,-25.29,-0.71,3549.35,3541.464,3555.998,3735103.85,3489318.33,3274664.41
2021-07-15,3519.06,3565.93,3564.59,3514.26,3632591.75,36.09,1.02,3546.308,3539.41,3555.288,3702842.95,3415249.1,3240011.31
2021-07-14,3560.83,3560.83,3528.5,3525.49,3722217.25,-38.02,-1.07,3538.49,3541.829,3553.338,3678080.3,3343873.13,3196996.69
2021-07-13,3547.59,3567.48,3566.52,3542.82,3624167.0,18.68,0.53,3543.534,3548.099,3552.83,3571315.25,3239814.23,3167184.48
2021-07-12,3545.2,3565.03,3547.84,3527.39,4036395.5,23.75,0.67,3536.282,3548.765,3552.332,3474622.25,3183468.7,3160560.41
2021-07-09,3512.23,3529.31,3524.09,3485.05,3498843.25,-1.41,-0.04,3533.578,3554.618,3554.427,3243532.8,3101104.13,3139018.13
2021-07-08,3557.22,3558.68,3525.5,3521.06,3508778.5,-28.22,-0.79,3532.512,3562.965,3558.766,3127655.25,3097307.63,3123163.36
2021-07-07,3508.59,3557.88,3553.72,3504.47,3188392.0,23.46,0.67,3545.168,3567.08,3562.061,3009665.95,3081870.53,3096886.09
2021-07-06,3533.13,3538.35,3530.26,3496.93,3140702.0,-4.06,-0.12,3552.664,3568.33,3563.38,2908313.2,3073740.85,3089712.23
2021-07-05,3516.92,3534.32,3534.32,3510.58,2880948.25,15.56,0.44,3561.248,3571.045,3566.844,2892315.15,3067207.05,3084536.46
2021-07-02,3569.89,3569.89,3518.76,3514.34,2919455.5,-70.02,-1.95,3575.658,3570.531,3569.72,2958675.45,3060010.5,3105935.58
2021-07-01,3600.55,3607.7,3588.78,3573.94,2918832.0,-2.42,-0.07,3593.418,3571.165,3572.993,3066960.0,3064773.53,3137079.31
2021-06-30,3572.62,3594.12,3591.2,3569.5,2681628.25,18.02,0.5,3588.992,3564.847,3573.411,3154075.1,3050120.25,3165416.93
2021-06-29,3601.68,3601.83,3573.18,3570.53,3060711.75,-33.19,-0.92,3583.996,3557.56,3575.086,3239168.5,3094554.73,3207741.23
2021-06-28,3612.25,3614.36,3606.37,3594.22,3212749.75,-1.19,-0.03,3580.842,3555.898,3577.201,3242098.95,3137652.13,3220467.53
2021-06-25,3567.38,3614.3,3607.56,3564.52,3460878.25,40.91,1.15,3565.404,3554.236,3576.922,3161345.55,3176932.13,3234434.45
2021-06-24,3568.58,3570.49,3566.65,3548.82,3354407.5,0.43,0.01,3548.912,3554.566,3576.986,3062587.05,3149019.1,3216166.28
2021-06-23,3559.4,3577.47,3566.22,3549.85,3107095.25,8.81,0.25,3540.702,3557.041,3578.322,2946165.4,3111901.65,3219436.05
2021-06-22,3539.79,3560.19,3557.41,3536.81,3075364.0,28.23,0.8,3531.124,3558.43,3579.078,2949940.95,3105683.6,3234701.85
2021-06-21,3515.5,3540.3,3529.18,3504.01,2808982.75,4.08,0.12,3530.954,3562.643,3576.071,3033205.3,3101865.88,3225688.28
2021-06-18,3520.5,3535.62,3525.1,3503.18,2967085.75,-0.5,-0.01,3543.068,3568.909,3573.94,3192518.7,3151860.65,3227152.28
2021-06-17,3508.32,3534.2,3525.6,3507.35,2772299.25,7.27,0.21,3560.22,3574.82,3573.032,3235451.15,3209385.1,3241802.65
2021-06-16,3556.71,3561.09,3518.33,3513.56,3125973.0,-38.23,-1.07,3573.38,3581.974,3572.3,3277637.9,3280713.6,3242348.25
2021-06-15,3587.47,3592.95,3556.56,3547.19,3491685.75,-33.19,-0.93,3585.736,3592.612,3572.834,3261426.25,3320927.73,3221703.88
2021-06-11,3614.11,3614.4,3589.75,3587.15,3605549.75,-21.11,-0.58,3594.332,3598.504,3570.887,3170526.45,3303282.93,3208187.58
2021-06-10,3587.53,3624.34,3610.86,3584.13,3181748.0,19.46,0.54,3594.75,3599.607,3565.919,3111202.6,3291936.78,3196401.24
2021-06-09,3576.8,3598.71,3591.4,3572.64,2983233.0,11.29,0.32,3589.42,3599.406,3556.853,3183319.05,3283313.45,3196976.5
2021-06-08,3598.75,3621.52,3580.11,3563.25,3044914.75,-19.43,-0.54,3590.568,3599.602,3550.42,3283789.3,3326970.45,3203537.13
2021-06-07,3597.14,3600.38,3599.54,3581.9,3037186.75,7.7,0.21,3599.488,3599.725,3543.507,3380429.2,3363720.1,3226758.44
2021-06-04,3565.47,3618.8,3591.84,3561.89,3308930.5,7.63,0.21,3602.676,3589.499,3534.93,3436039.4,3349510.68,3261984.54
2021-06-03,3595.42,3618.51,3584.21,3584.21,3542330.25,-12.93,-0.36,3604.464,3578.971,3526.281,3472670.95,3302443.9,3273430.71
2021-06-02,3626.33,3629.29,3597.14,3584.6,3485584.25,-27.57,-0.76,3609.392,3571.244,3519.135,3383307.85,3274220.2,3251526.3
2021-06-01,3608.6,3626.07,3624.71,3581.91,3528114.25,9.23,0.26,3608.636,3562.626,3511.621,3370151.6,3203982.9,3233577.26
2021-05-31,3600.07,3615.66,3615.48,3580.65,3315237.75,14.7,0.41,3599.962,3553.056,3504.13,3347011.0,3122480.03,3195487.24
2021-05-28,3610.77,3622.18,3600.78,3582.36,3492088.25,-8.07,-0.22,3576.322,3543.27,3496.21,3262981.95,3113092.23,3153415.91
2021-05-27,3585.73,3626.36,3608.85,3579.26,3095514.75,15.49,0.43,3553.478,3532.23,3488.301,3132216.85,3100865.7,3105327.7
2021-05-26,3586.84,3603.49,3593.36,3585.37,3419803.0,12.02,0.34,3533.096,3514.299,3479.917,3165132.55,3110639.55,3089037.35
2021-05-25,3502.54,3584.58,3581.34,3502.44,3412411.25,84.06,2.4,3516.616,3501.238,3473.958,3037814.2,3080103.8,3042727.41
2021-05-24,3486.27,3498.3,3497.28,3469.87,2895092.5,10.72,0.31,3506.15,3487.289,3468.146,2897949.05,3089796.78,2997664.1
2021-05-21,3510.84,3518.38,3486.56,3479.67,2838262.75,-20.38,-0.58,3510.218,3480.36,3466.929,2963202.5,3174458.4,2979798.4
2021-05-20,3500.88,3517.74,3506.94,3486.07,3260093.25,-4.02,-0.11,3510.982,3473.591,3466.248,3069514.55,3244417.53,2980535.3
2021-05-19,3521.11,3521.11,3510.96,3503.82,2783211.25,-18.05,-0.51,3495.502,3467.025,3464.778,3056146.55,3228832.4,2968898.55
2021-05-18,3520.65,3529.01,3529.01,3510.86,2713085.5,11.39,0.32,3485.86,3460.615,3460.561,3122393.4,3263171.63,2959027.83
2021-05-17,3490.41,3530.51,3517.62,3490.14,3221359.75,27.24,0.78,3468.428,3455.204,3454.06,3281644.5,3268494.45,2940376.08
2021-05-14,3436.09,3490.64,3490.38,3422.56,3369823.0,60.84,1.77,3450.502,3449.149,3449.015,3385714.3,3193739.6,2895929.25
2021-05-13,3432.14,3448.02,3429.54,3418.38,3193253.25,-33.21,-0.96,3436.2,3444.372,3444.32,3419320.5,3109789.7,2862751.13
2021-05-12,3429.75,3466.37,3462.75,3428.39,3114445.5,20.9,0.61,3438.548,3445.535,3443.49,3401518.25,3067435.15,2857877.09
2021-05-11,3406.6,3448.1,3441.85,3384.7,3509341.0,13.86,0.4,3435.37,3446.677,3442.887,3403949.85,3005351.03,2842197.41
2021-05-10,3423.59,3429.74,3427.99,3401.93,3741708.75,9.12,0.27,3441.98,3449.003,3444.922,3255344.4,2905531.43,2832608.03
2021-05-07,3446.41,3457.89,3418.87,3416.78,3537854.0,-22.41,-0.65,3447.796,3453.497,3447.504,3001764.9,2785138.4,2793416.08
2021-05-06,3446.07,3471.24,3441.28,3426.85,3104242.0,-5.58,-0.16,3452.544,3458.904,3450.709,2800258.9,2716653.08,2733896.71
2021-04-30,3468.3,3469.09,3446.86,3426.9,3126603.5,-28.04,-0.81,3452.522,3462.531,3452.864,2733352.05,2708964.7,2710012.05
2021-04-29,3458.08,3478.23,3474.9,3447.59,2766313.75,17.83,0.52,3457.984,3460.507,3453.838,2606752.2,2654884.03,2691304.03
2021-04-28,3432.16,3457.07,3457.07,3423.33,2473811.25,14.46,0.42,3456.026,3452.916,3452.188,2555718.45,2612257.7,2694512.96
2021-04-27,3440.09,3443.85,3442.61,3417.26,2530324.0,1.44,0.04,3459.198,3448.881,3452.169,2568511.9,2598118.9,2713533.94
2021-04-26,3484.11,3497.12,3441.17,3438.57,2769707.75,-33.0,-0.95,3465.264,3444.267,3451.803,2633047.25,2615712.55,2729429.86
2021-04-23,3462.09,3482.36,3474.17,3456.33,2493604.25,9.06,0.26,3472.54,3441.445,3450.661,2684577.35,2648319.03,2728251.96
2021-04-22,3482.83,3485.36,3465.11,3456.32,2511145.0,-7.82,-0.23,3463.03,3439.096,3445.132,2703015.85,2679043.8,2738909.8
2021-04-21,3456.3,3481.25,3472.93,3450.11,2537778.5,-0.01,0.0,3449.806,3440.84,3440.23,2668796.95,2759684.63,2772051.9
2021-04-20,3467.15,3494.3,3472.94,3463.46,2853000.75,-4.61,-0.13,3438.564,3441.51,3437.159,2627725.9,2801693.75,2808357.68
2021-04-19,3427.55,3479.01,3477.55,3414.36,3027358.25,50.93,1.49,3423.27,3442.513,3435.684,2598377.85,2751140.35,2821987.18
2021-04-16,3407.19,3432.63,3426.62,3394.13,2585796.75,27.63,0.81,3410.35,3443.197,3432.039,2612060.7,2711059.4,2825200.13
2021-04-15,3409.61,3409.61,3398.99,3373.09,2340050.5,-17.73,-0.52,3415.162,3447.168,3433.862,2655071.75,2727724.03,2838112.24
2021-04-14,3397.02,3420.03,3416.72,3392.98,2332423.25,20.25,0.6,3431.874,3451.46,3436.19,2850572.3,2776768.23,2861139.63
2021-04-13,3411.29,3425.39,3396.47,3387.9,2706260.5,-16.48,-0.48,3444.456,3455.456,3437.69,2975661.6,2828948.98,2902852.84
2021-04-12,3445.97,3456.16,3412.95,3403.9,3095772.5,-37.73,-1.09,3461.756,3459.339,3438.864,2903902.85,2843147.18,2951446.46
2021-04-09,3475.44,3475.45,3450.68,3442.14,2800852.0,-31.87,-0.92,3476.044,3459.877,3440.871,2810058.1,2808184.9,2975671.35
2021-04-08,3467.49,3495.91,3482.55,3459.32,3317553.25,2.92,0.08,3479.174,3451.168,3440.178,2800376.3,2798775.8,2996684.78
2021-04-07,3483.42,3483.42,3479.63,3453.19,2957869.75,-3.34,-0.1,3471.046,3439.619,3433.938,2702964.15,2784419.18,2980681.7
2021-04-06,3491.63,3493.28,3482.97,3471.76,2347466.75,-1.42,-0.04,3466.456,3432.807,3427.921,2682236.35,2815021.6,3036614.49
2021-04-02,3472.63,3487.59,3484.39,3462.83,2626548.75,18.06,0.52,3456.922,3428.854,3424.843,2782391.5,2892834.0,3112765.13
2021-04-01,3444.81,3470.03,3466.33,3438.83,2752443.0,24.42,0.71,3443.71,3420.881,3425.723,2806311.7,2939340.85,3159642.3
2021-03-31,3452.21,3452.21,3441.91,3420.83,2830492.5,-14.77,-0.43,3423.162,3420.555,3427.581,2797175.3,2948500.45,3218828.21
2021-03-30,3432.53,3457.63,3456.68,3423.32,2854230.75,21.38,0.62,3408.192,3420.919,3434.33,2865874.2,2945511.03,3251132.01
2021-03-29,3429.63,3449.83,3435.3,3409.89,2848242.5,16.97,0.5,3399.158,3419.924,3436.926,2947806.85,2976756.7,3278335.71
2021-03-26,3373.32,3423.22,3418.33,3373.32,2746149.75,54.74,1.63,3400.786,3418.389,3442.731,3003276.5,3059745.75,3293667.35
2021-03-25,3355.07,3382.23,3363.59,3344.97,2706761.0,-3.47,-0.1,3398.052,3421.864,3447.268,3072370.0,3143157.8,3322999.9
2021-03-24,3394.13,3415.29,3367.06,3362.18,3173987.0,-44.45,-1.3,3417.948,3429.188,3458.341,3099825.6,3194593.75,3370778.0
2021-03-23,3445.34,3445.42,3411.51,3390.05,3263894.0,-31.93,-0.93,3433.646,3428.256,3468.192,3025147.85,3176944.23,3393158.13
2021-03-22,3406.12,3443.66,3443.44,3404.23,3125590.75,38.78,1.14,3440.69,3423.034,3479.435,3005706.55,3258207.38,3429400.01
2021-03-19,3423.87,3439.52,3404.66,3389.29,3091617.25,-58.41,-1.69,3435.992,3420.831,3489.385,3116215.0,3332696.25,3517531.23
2021-03-18,3449.64,3478.14,3463.07,3449.38,2844039.0,17.52,0.51,3445.676,3430.564,3503.96,3213945.6,3379943.75,3543480.26
2021-03-17,3435.73,3454.06,3445.55,3410.28,2800598.25,-1.18,-0.03,3440.428,3434.606,3514.575,3289361.9,3489155.98,3571432.85
2021-03-16,3424.65,3448.88,3446.73,3406.17,3166687.5,26.78,0.78,3422.866,3447.741,3525.052,3328740.6,3556753.0,3560373.35
2021-03-15,3441.88,3457.49,3419.95,3392.51,3678133.0,-33.13,-0.96,3405.378,3453.927,3532.89,3510708.2,3579914.73,3528949.85
2021-03-12,3447.2,3454.51,3453.08,3417.24,3580270.25,16.25,0.47,3405.67,3467.072,3538.515,3549177.5,3527588.95,3469943.01
2021-03-11,3369.9,3436.83,3436.83,3369.9,3221120.5,79.09,2.35,3415.452,3472.672,3540.677,3545941.9,3502842.0,3436002.59
2021-03-10,3389.84,3397.03,3357.74,3354.82,2997491.75,-1.55,-0.05,3428.784,3487.494,3543.929,3688950.05,3546962.25,3424363.99
2021-03-09,3415.34,3429.15,3359.29,3328.31,4076525.5,-62.12,-1.82,3472.616,3508.128,3551.907,3784765.4,3609372.03,3423165.26
2021-03-08,3524.98,3542.3,3421.41,3421.22,3870479.5,-80.58,-2.3,3502.476,3535.835,3560.627,3649121.25,3600592.65,3351609.3
2021-03-05,3463.31,3523.57,3501.99,3456.67,3564092.25,-1.5,-0.04,3528.474,3557.938,3564.82,3506000.4,3702366.2,3296869.28
2021-03-04,3546.64,3552.2,3503.49,3487.38,3936161.25,-73.41,-2.05,3529.892,3577.356,3563.874,3459742.1,3707016.78,3265496.0
2021-03-03,3500.16,3577.62,3576.9,3498.72,3476568.5,68.31,1.95,3546.204,3594.543,3563.959,3404974.45,3653709.73,3204119.16
2021-03-02,3566.85,3566.85,3508.59,3485.36,3398304.75,-42.81,-1.21,3543.64,3602.362,3563.781,3433978.65,3563993.7,3162344.31
2021-03-01,3531.48,3552.57,3551.4,3511.99,3154875.25,42.32,1.21,3569.194,3611.852,3566.823,3552064.05,3477984.98,3131499.01
2021-02-26,3514.56,3550.41,3509.08,3500.7,3332800.75,-75.97,-2.12,3587.402,3609.957,3570.465,3898732.0,3412297.08,3137425.79
2021-02-25,3595.54,3608.56,3585.05,3568.47,3662323.0,20.97,0.59,3624.82,3608.682,3575.348,3954291.45,3369163.18,3133017.29
2021-02-24,3638.94,3645.65,3564.08,3531.59,3621589.5,-72.28,-1.99,3642.882,3600.363,3577.159,3902445.0,3301765.73,3113634.64
2021-02-23,3617.7,3672.15,3636.36,3617.7,3988731.75,-6.08,-0.17,3661.084,3595.686,3578.109,3694008.75,3236958.5,3068690.99
2021-02-22,3707.19,3717.27,3642.44,3642.44,4888215.0,-53.73,-1.45,3654.51,3585.418,3574.61,3403905.9,3102625.95,3030974.18
2021-02-19,3661.78,3699.65,3696.17,3634.01,3610598.0,20.81,0.57,3632.512,3571.702,3572.299,2925862.15,2891372.35,2937389.71
2021-02-18,3721.09,3731.69,3675.36,3663.66,3403090.75,20.27,0.56,3592.544,3550.392,3565.81,2784034.9,2823975.23,2919166.19
2021-02-10,3612.61,3662.77,3655.09,3612.5,2579408.25,51.6,1.43,3557.844,3533.374,3560.337,2701086.45,2754528.6,2922845.06
2021-02-09,3539.77,3604.01,3603.49,3528.68,2538217.5,71.04,2.01,3530.288,3525.199,3557.515,2779908.25,2760694.93,2987938.55
2021-02-08,3504.56,3542.21,3532.45,3492.13,2497996.25,36.12,1.03,3516.326,3521.793,3557.757,2801346.0,2785013.05,3022730.75
2021-02-05,3509.49,3536.54,3496.33,3492.96,2901461.75,-5.53,-0.16,3510.892,3530.972,3557.71,2856882.55,2862554.5,3079070.51
2021-02-04,3503.78,3524.72,3501.86,3465.77,2988348.5,-15.45,-0.44,3508.24,3542.014,3561.399,2863915.55,2896871.4,3106776.38
2021-02-03,3531.15,3544.01,3517.31,3508.51,2973517.25,-16.37,-0.46,3508.904,3553.954,3565.116,2807970.75,2925503.55,3160033.06
2021-02-02,3510.81,3535.5,3533.68,3495.57,2645406.25,28.4,0.81,3520.11,3560.532,3566.794,2741481.6,2900423.48,3196472.66
2021-02-01,3477.17,3506.39,3505.28,3469.88,2775679.0,22.21,0.64,3527.26,3563.802,3566.544,2768680.1,2959322.4,3268200.31
2021-01-29,3521.72,3531.6,3483.07,3446.55,2936626.75,-22.11,-0.63,3551.052,3572.896,3566.428,2868226.45,2983407.08,3319811.76
2021-01-28,3534.67,3549.54,3505.18,3496.88,2708624.5,-68.16,-1.91,3575.788,3581.227,3565.928,2929827.25,3014357.15,3340817.39
2021-01-27,3567.55,3578.8,3573.34,3546.49,2641071.5,3.91,0.11,3599.004,3587.299,3561.392,3043036.35,3091161.53,3350897.94
2021-01-26,3610.97,3610.97,3569.43,3564.74,2781398.75,-54.81,-1.51,3600.954,3589.83,3551.677,3059365.35,3215182.18,3374728.95
2021-01-25,3605.36,3637.1,3624.24,3591.02,3273410.75,17.49,0.48,3600.344,3593.721,3543.07,3149964.7,3260448.45,3393749.79
2021-01-22,3616.54,3616.54,3606.75,3585.03,3244630.75,-14.51,-0.4,3594.74,3584.447,3531.686,3098587.7,3295586.53,3377352.7
2021-01-21,3590.92,3636.24,3621.26,3585.8,3274670.0,38.17,1.06,3586.666,3580.783,3519.504,3098887.05,3316681.35,3352643.39
2021-01-20,3564.12,3589.96,3583.09,3556.44,2722716.5,16.71,0.47,3575.594,3576.277,3507.557,3139286.7,3394562.58,3338671.65
2021-01-19,3596.36,3603.15,3566.38,3553.02,3234395.5,-29.84,-0.83,3578.706,3573.056,3496.241,3370999.0,3492521.85,3364054.65
2021-01-18,3554.8,3608.77,3596.22,3544.26,3016525.75,29.84,0.84,3587.098,3569.286,3488.951,3370932.2,3577078.23,3344214.78
2021-01-15,3566.28,3589.27,3566.38,3533.79,3246127.5,0.48,0.01,3574.154,3559.96,3478.885,3492585.35,3656216.45,3333884.81
2021-01-14,3584.93,3599.06,3565.9,3559.6,3476668.25,-32.75,-0.91,3574.9,3550.629,3470.809,3534475.65,3667277.63,3309310.25
2021-01-13,3613.28,3622.35,3598.65,3575.59,3881278.0,-9.69,-0.27,3576.96,3535.484,3460.863,3649838.45,3610634.35,3245883.83
2021-01-12,3518.01,3608.34,3608.34,3517.47,3234061.5,76.84,2.18,3567.406,3513.523,3449.292,3614044.7,3534275.73,3164653.63
2021-01-11,3571.32,3597.7,3531.5,3516.99,3624791.5,-38.61,-1.08,3551.474,3492.418,3437.331,3783224.25,3527051.13,3122854.51
2021-01-08,3577.69,3588.06,3570.11,3544.89,3455579.0,-6.09,-0.17,3545.766,3478.924,3428.116,3819847.55,3459118.88,3090923.51
2021-01-07,3552.91,3576.2,3576.2,3526.62,4053482.25,25.32,0.71,3526.358,3458.224,3418.274,3800079.6,3388605.43,3041798.71
2021-01-06,3530.91,3556.8,3550.88,3513.13,3702309.25,22.2,0.63,3494.008,3438.836,3408.062,3571430.25,3282780.73,2969498.31
2021-01-05,3492.19,3528.68,3528.68,3484.72,4079959.25,25.72,0.73,3459.64,3419.426,3401.027,3454506.75,3235587.45,2897836.51
2021-01-04,3474.68,3511.66,3502.96,3457.21,3807908.0,29.89,0.86,3433.362,3408.615,3395.423,3270878.0,3111351.33,2821099.8
2020-12-31,3419.73,3474.92,3473.07,3419.73,3356739.25,58.62,1.72,3412.082,3397.809,3392.504,3098390.2,3011553.18,2758842.75
2020-12-30,3375.01,3414.45,3414.45,3374.42,2910235.5,35.41,1.05,3390.09,3390.989,3390.958,2977131.25,2951342.88,2740235.75
2020-12-29,3399.29,3407.09,3379.04,3376.09,3117691.75,-18.25,-0.54,3383.664,3386.242,3392.704,2994131.2,2881133.3,2751129.54
2020-12-28,3396.36,3412.52,3397.29,3383.65,3161815.5,0.73,0.02,3379.212,3385.061,3396.349,3016668.15,2795031.53,2753339.44
2020-12-25,3351.79,3397.01,3396.56,3348.35,2945469.0,33.45,0.99,3383.868,3382.244,3396.073,2951824.65,2718657.9,2787743.65
2020-12-24,3382.19,3394.07,3363.11,3354.02,2750444.5,-19.21,-0.57,3383.536,3377.307,3396.66,2924716.15,2722728.15,2780795.15
2020-12-23,3362.47,3394.21,3382.32,3360.2,2995235.25,25.54,0.76,3391.888,3378.324,3396.991,2925554.5,2694992.0,2771216.34
2020-12-22,3410.97,3415.75,3356.78,3353.86,3230376.5,-63.79,-1.86,3388.82,3377.288,3395.992,2768135.4,2656215.9,2782509.68
2020-12-21,3394.39,3423.61,3420.57,3381.12,2837598.0,25.67,0.76,3390.91,3382.628,3398.294,2573394.9,2560085.58,2771487.93
2020-12-18,3400.49,3413.81,3394.9,3382.75,2809926.5,-9.97,-0.29,3380.62,3382.231,3397.99,2485491.15,2530848.28,2816544.05
2020-12-17,3367.28,3406.15,3404.87,3354.01,2754636.25,37.89,1.12,3371.078,3387.199,3397.131,2520740.15,2506132.33,2806683.34
2020-12-16,3371.26,3378.66,3366.98,3359.17,2208139.75,-0.25,-0.01,3364.76,3390.926,3395.042,2464429.5,2529128.63,2795583.03
2020-12-15,3366.58,3373.56,3367.23,3348.42,2256674.0,-1.89,-0.06,3365.756,3399.166,3394.058,2544296.4,2621125.78,2828941.66
2020-12-14,3349.53,3371.13,3369.12,3338.63,2398079.25,21.93,0.66,3374.346,3407.637,3392.692,2546776.25,2711647.35,2857924.2
2020-12-11,3381.01,3383.18,3347.19,3325.17,2986171.5,-26.09,-0.77,3383.842,3409.901,3391.584,2576205.4,2856829.4,2877817.11
2020-12-10,3365.73,3384.89,3373.28,3357.75,2473083.0,1.32,0.04,3403.32,3416.013,3389.73,2491524.5,2838862.15,2842457.73
2020-12-09,3416.08,3422.54,3371.96,3371.92,2607474.25,-38.22,-1.12,3417.092,3415.658,3388.0,2593827.75,2847440.68,2827054.23
2020-12-08,3417.69,3428.66,3410.18,3403.03,2269073.25,-6.42,-0.19,3432.576,3414.695,3386.512,2697955.15,2908803.45,2832282.84
2020-12-07,3446.65,3449.58,3416.6,3414.31,2545225.0,-27.98,-0.81,3440.928,3413.959,3384.01,2876518.45,2982890.28,2858179.74
2020-12-04,3436.73,3448.4,3444.58,3417.05,2562767.0,2.44,0.07,3435.96,3413.748,3381.867,3137453.4,3102239.83,2886028.38
2020-12-03,3448.54,3452.16,3442.14,3428.8,2984599.25,-7.24,-0.21,3428.706,3407.063,3375.246,3186199.8,3107234.35,2875322.09
2020-12-02,3453.52,3465.73,3449.38,3435.87,3128111.25,-2.56,-0.07,3414.224,3399.158,3369.145,3101053.6,3062037.43,2839492.85
2020-12-01,3388.99,3457.64,3451.94,3386.91,3161889.75,60.18,1.77,3396.814,3388.95,3360.548,3119651.75,3036757.55,2777344.35
2020-11-30,3418.16,3456.74,3391.76,3391.76,3849899.75,-16.55,-0.49,3386.99,3377.746,3351.505,3089262.1,3004201.05,2726898.8
2020-11-27,3373.84,3408.31,3408.31,3364.49,2806499.0,38.58,1.15,3391.536,3373.267,3343.173,3067026.25,2898804.83,2647793.38
2020-11-26,3360.06,3371.45,3369.73,3344.28,2558868.25,7.4,0.22,3385.42,3363.446,3333.984,3028268.9,2846053.3,2622562.83
2020-11-25,3417.52,3423.49,3362.33,3362.33,3221102.0,-40.49,-1.19,3384.092,3360.341,3329.134,3023021.25,2806667.78,2586971.21
2020-11-24,3407.41,3413.93,3402.82,3396.24,3009941.5,-11.67,-0.34,3381.086,3358.328,3324.479,2953863.35,2755762.23,2512507.09
2020-11-23,3384.1,3431.65,3414.49,3377.99,3738720.5,36.76,1.09,3368.502,3354.061,3317.054,2919140.0,2733469.2,2436567.79
2020-11-20,3359.6,3380.15,3377.73,3356.31,2612712.25,14.64,0.43,3354.998,3349.985,3308.886,2730583.4,2669816.93,2333497.67
2020-11-19,3339.09,3367.33,3363.09,3330.45,2532630.0,15.79,0.47,3341.472,3343.428,3303.899,2663837.7,2643409.83,2289966.55
2020-11-18,3337.33,3358.89,3347.3,3333.99,2875312.5,7.4,0.22,3336.59,3339.132,3301.37,2590314.3,2616948.28,2246310.04
2020-11-17,3347.15,3347.7,3339.9,3323.95,2836324.75,-7.07,-0.21,3335.57,3332.146,3300.256,2557661.1,2517931.15,2191360.48
2020-11-16,3325.62,3346.97,3346.97,3313.65,2795937.5,36.87,1.11,3339.62,3325.263,3299.666,2547798.4,2449596.55,2132086.62
2020-11-13,3327.23,3327.23,3310.1,3291.64,2278983.75,-28.58,-0.86,3344.972,3313.078,3297.951,2609050.45,2396781.93,2098441.52
2020-11-12,3344.46,3350.28,3338.68,3329.49,2165013.0,-3.52,-0.1,3345.384,3304.521,3299.264,2622981.95,2399072.35,2081640.04
2020-11-11,3354.02,3365.84,3342.2,3339.04,2712046.5,-17.95,-0.53,3341.674,3297.926,3298.939,2643582.25,2367274.64,2068905.04
2020-11-10,3387.62,3387.62,3360.15,3346.17,2787011.25,-13.58,-0.4,3328.722,3290.63,3298.868,2478201.2,2269251.95,2032632.41
2020-11-09,3329.43,3380.82,3373.73,3329.43,3102197.75,61.57,1.86,3310.906,3280.047,3298.848,2351394.7,2139666.39,1995744.89
2020-11-06,3326.46,3326.46,3312.16,3292.15,2348641.25,-7.97,-0.24,3281.184,3267.786,3298.085,2184513.4,1997178.41,1970446.21
2020-11-05,3305.58,3320.41,3320.13,3291.6,2268014.5,42.69,1.3,3263.658,3264.37,3296.081,2175162.75,1936523.28,1947176.97
2020-11-04,3273.43,3286.62,3277.44,3254.11,1885141.25,6.37,0.2,3254.178,3263.607,3290.977,2090967.03,1875671.81,1910528.48
2020-11-03,3239.81,3278.38,3271.07,3237.85,2152978.75,45.95,1.43,3252.538,3268.365,3288.323,2060302.7,1864789.8,1891946.35
2020-11-02,3228.72,3242.8,3225.12,3209.91,2267791.25,0.59,0.02,3249.188,3274.068,3285.646,1927938.07,1814576.69,1862288.81
2020-10-30,3278.63,3279.86,3224.53,3219.42,2301888.0,-48.2,-1.47,3254.388,3282.823,3285.361,1809843.42,1800101.11,1831310.46
2020-10-29,3235.76,3289.77,3272.73,3231.12,1847035.88,3.49,0.11,3265.082,3294.006,3285.293,1697883.8,1764207.74,1819584.06
2020-10-28,3256.22,3275.87,3269.24,3238.38,1731819.62,14.92,0.46,3273.036,3299.951,3285.642,1660376.6,1770535.44,1811821.3
2020-10-27,3240.74,3258.34,3254.32,3235.54,1491155.62,3.2,0.1,3284.192,3307.105,3285.895,1669276.9,1796012.86,1832237.86
2020-10-26,3258.7,3264.45,3251.12,3226.6,1677318.0,-26.88,-0.82,3298.948,3317.648,3289.026,1701215.3,1851823.4,1865931.63
2020-10-23,3308.16,3326.05,3278.0,3276.62,1742089.88,-34.5,-1.04,3311.258,3328.383,3293.375,1790358.8,1943714.0,1910196.13
2020-10-22,3315.82,3320.88,3312.5,3281.37,1659499.88,-12.52,-0.38,3322.93,3327.791,3292.997,1830531.67,1957830.66,1924557.62
2020-10-21,3332.15,3332.15,3325.02,3304.17,1776321.12,-3.08,-0.09,3326.866,3318.346,3291.568,1880694.27,1945385.14,1941804.31
2020-10-20,3307.15,3328.1,3328.1,3293.77,1650847.62,15.43,0.47,3330.018,3308.28,3290.101,1922748.83,1919102.9,1951830.45
2020-10-19,3351.1,3371.09,3312.67,3307.84,2123035.5,-23.69,-0.71,3336.348,3297.223,3287.636,2002431.5,1910000.93,1976250.13
2020-10-16,3334.46,3348.95,3336.36,3319.11,1942954.25,4.18,0.12,3345.508,3287.898,3285.02,2097069.2,1862519.8,1980947.77
2020-10-15,3342.92,3354.58,3332.18,3330.0,1910312.88,-8.6,-0.26,3332.652,3276.58,3279.943,2085129.65,1874960.39,2040036.46
2020-10-14,3353.62,3353.62,3340.78,3332.96,1986593.88,-18.97,-0.56,3309.826,3271.333,3276.066,2010076.0,1853107.16,2120275.69
2020-10-13,3353.12,3361.83,3359.75,3334.5,2049261.0,1.28,0.04,3286.542,3264.685,3274.848,1915456.97,1868462.85,2156479.13
2020-10-12,3287.33,3359.15,3358.47,3286.11,2596224.0,86.39,2.64,3258.098,3260.404,3271.49,1817570.35,1880039.85,2184324.37
2020-10-09,3262.61,3280.51,3272.08,3260.19,1883256.5,54.03,1.68,3230.288,3258.366,3271.335,1627970.4,1876678.25,2165331.44
2020-09-30,3232.71,3244.91,3218.05,3202.34,1535044.62,-6.31,-0.2,3220.508,3258.202,3276.98,1664791.12,1891284.57,2198841.76
2020-09-29,3231.86,3242.79,3224.36,3219.79,1513498.75,6.83,0.21,3232.84,3264.789,3286.317,1696138.32,1938223.47,2252862.69
2020-09-28,3224.98,3238.18,3217.53,3210.89,1559827.88,-1.89,-0.06,3242.828,3271.921,3295.63,1821468.72,1984558.0,2300687.37
2020-09-25,3234.37,3239.47,3219.42,3208.03,1648224.25,-3.76,-0.12,3262.71,3278.049,3304.537,1942509.35,2042499.34,2384432.93
2020-09-24,3262.88,3265.35,3223.18,3221.24,2067360.12,-56.53,-1.72,3286.444,3282.142,3313.757,2125386.1,2099375.74,2437684.49
2020-09-23,3278.84,3289.76,3279.71,3264.89,1691780.62,5.41,0.17,3295.896,3283.306,3320.103,2117778.02,2205112.52,2452866.16
2020-09-22,3290.67,3320.23,3274.3,3265.7,2140150.75,-42.64,-1.29,3296.738,3280.798,3322.605,2180308.62,2387444.21,2515502.64
2020-09-21,3348.9,3350.59,3316.94,3313.07,2165031.0,-21.15,-0.63,3301.014,3285.01,3327.569,2147647.27,2444495.41,2547051.82
2020-09-18,3270.91,3338.32,3338.09,3268.53,2562608.0,67.65,2.07,3293.388,3282.575,3331.004,2142489.32,2488608.89,2571914.19
2020-09-17,3277.32,3290.41,3270.44,3248.5,2029319.75,-13.48,-0.41,3277.84,3284.303,3333.133,2073365.37,2453984.64,2587527.97
2020-09-16,3293.17,3302.46,3283.92,3271.08,2004433.62,-11.76,-0.36,3270.716,3295.757,3337.806,2292447.02,2506398.94,2653862.47
2020-09-15,3277.13,3297.69,3295.68,3263.75,1976844.0,16.87,0.52,3264.858,3307.845,3344.017,2594579.8,2567501.9,2756501.9
2020-09-14,3275.92,3283.53,3278.81,3261.15,2139241.25,18.46,0.57,3269.006,3319.338,3351.787,2741343.55,2616816.75,2848024.34
2020-09-11,3225.78,3262.5,3260.35,3220.54,2216988.25,25.53,0.79,3271.762,3331.025,3359.787,2834728.45,2726366.53,2958361.4
2020-09-10,3282.23,3285.47,3234.82,3227.64,3124728.0,-19.81,-0.61,3290.766,3345.371,3364.774,2834603.9,2775993.25,3000511.18
2020-09-09,3281.0,3289.61,3254.63,3238.56,3515097.5,-61.79,-1.86,3320.798,3356.9,3369.07,2720350.85,2700619.8,3006420.41
2020-09-08,3301.22,3324.39,3316.42,3276.44,2710662.75,23.83,0.72,3350.832,3364.411,3372.302,2540424.0,2643561.08,3019830.01
2020-09-07,3349.92,3368.24,3292.59,3285.63,2606165.75,-62.78,-1.87,3369.67,3370.127,3373.495,2492289.95,2649608.23,3084523.23
2020-09-04,3336.41,3360.11,3355.37,3328.55,2216365.5,-29.61,-0.88,3390.288,3379.432,3377.828,2618004.6,2655219.5,3144904.75
2020-09-03,3404.03,3425.63,3384.98,3374.26,2553462.75,-19.82,-0.58,3399.976,3381.963,3377.762,2717382.6,2721071.3,3236051.29
2020-09-02,3420.47,3421.4,3404.8,3377.21,2615463.25,-5.81,-0.17,3393.002,3379.855,3377.836,2680888.75,2801326.0,3316029.4
2020-09-01,3389.74,3410.61,3410.61,3381.71,2469992.5,14.93,0.44,3377.99,3380.188,3376.474,2746698.15,2945501.9,3378167.75
2020-08-31,3416.55,3442.74,3395.68,3395.47,3234739.0,-8.13,-0.24,3370.584,3384.236,3374.528,2806926.5,3079231.93,3475832.4
2020-08-28,3346.29,3405.88,3403.81,3339.65,2713255.5,53.7,1.6,3368.576,3388.548,3373.142,2692434.4,3190356.28,3517825.89
2020-08-27,3333.49,3351.83,3350.11,3312.99,2370993.5,20.37,0.61,3363.95,3384.177,3368.452,2724760.0,3225029.1,3559042.6
2020-08-26,3371.81,3382.6,3329.74,3320.14,2944510.25,-43.84,-1.3,3366.708,3381.239,3365.288,2921763.25,3312221.03,3610844.99
2020-08-25,3392.88,3408.87,3373.58,3364.16,2771134.25,-12.06,-0.36,3382.386,3380.192,3363.528,3144305.65,3396098.95,3626081.5
2020-08-24,3391.11,3396.57,3385.64,3368.03,2662278.5,4.96,0.15,3397.888,3376.863,3356.247,3351537.35,3519438.23,3632213.71
2020-08-21,3380.23,3393.92,3380.68,3358.0,2874883.5,16.78,0.5,3408.52,3376.224,3347.227,3688278.15,3634590.0,3648759.3
2020-08-20,3385.96,3394.56,3363.9,3352.78,3356009.75,-44.23,-1.3,3404.404,3373.56,3338.031,3725298.2,3751031.28,3718542.15
2020-08-19,3444.56,3454.46,3408.13,3406.16,4057222.25,-42.96,-1.25,3395.77,3375.816,3336.092,3702678.8,3830732.8,3754262.91
2020-08-18,3441.93,3456.72,3451.09,3432.64,3807292.75,12.29,0.36,3377.998,3372.759,3332.343,3647892.25,3810833.6,3748069.46
2020-08-17,3373.9,3450.9,3438.8,3369.37,4345982.5,78.7,2.34,3355.838,3364.819,3325.833,3687339.1,3872432.88,3737330.84
2020-08-14,3315.67,3362.03,3360.1,3302.74,3059983.75,39.37,1.19,3343.928,3357.736,3319.601,3580901.85,3845295.5,3729309.36
2020-08-13,3328.18,3338.15,3320.73,3309.46,3242912.75,1.46,0.04,3342.716,3352.727,3312.302,3776764.35,3893056.1,3756136.39
2020-08-12,3327.49,3335.73,3319.27,3263.27,3783289.5,-21.02,-0.63,3355.862,3349.336,3306.771,3958786.8,3909468.95,3839297.3
2020-08-11,3379.49,3409.06,3340.29,3336.09,4004527.0,-38.96,-1.15,3367.52,3346.864,3308.872,3973774.95,3856064.05,3896148.1
2020-08-10,3341.53,3399.93,3379.25,3335.04,3813796.25,25.21,0.75,3373.8,3335.631,3312.589,4057526.65,3744989.2,3967527.5
2020-08-07,3370.59,3374.13,3354.04,3307.71,4039296.25,-32.42,-0.96,3371.544,3318.229,3315.791,4109689.15,3662928.6,4055841.14
2020-08-06,3380.76,3392.7,3386.46,3334.33,4153025.0,8.9,0.26,3362.738,3302.502,3317.255,4009347.85,3686053.03,4131936.33
2020-08-05,3363.33,3383.64,3377.56,3333.88,3858230.25,5.87,0.17,3342.81,3296.367,3320.461,3860151.1,3677793.03,4234285.98
2020-08-04,3376.44,3391.07,3371.69,3352.5,4423285.5,3.72,0.11,3326.208,3291.927,3321.755,3738353.15,3685305.33,4334915.31
2020-08-03,3332.18,3368.1,3367.97,3327.68,4074608.75,57.96,1.75,3297.462,3286.847,3320.438,3432451.75,3602228.8,4442671.11
2020-07-31,3280.8,3333.79,3310.01,3261.61,3537589.75,23.19,0.71,3264.914,3281.465,3318.683,3216168.05,3613323.23,4560880.13
2020-07-30,3299.57,3312.45,3286.82,3282.16,3407041.25,-7.73,-0.23,3242.266,3271.877,3310.823,3362758.2,3619216.68,4613397.56
2020-07-29,3221.99,3294.55,3294.55,3209.99,3249240.5,66.59,2.06,3249.924,3264.205,3301.011,3495434.95,3769125.65,4638609.5
2020-07-28,3226.13,3245.3,3227.96,3208.49,2893778.5,22.73,0.71,3257.646,3270.88,3287.582,3632257.5,3936232.15,4612804.05
2020-07-27,3210.39,3221.98,3205.23,3174.66,2993190.25,8.46,0.27,3276.232,3289.546,3275.418,3772005.85,4190065.8,4575593.74
2020-07-24,3310.64,3319.13,3196.77,3184.96,4270540.5,-128.34,-3.86,3298.016,3313.352,3263.232,4010478.4,4448753.68,4536245.59
2020-07-23,3306.15,3336.3,3325.11,3257.83,4070425.0,-8.05,-0.24,3301.488,3332.007,3252.371,3875675.15,4577819.63,4429318.93
2020-07-22,3315.18,3381.98,3333.16,3311.79,3933353.25,12.27,0.37,3278.486,3344.555,3234.647,4042816.35,4790778.93,4338403.78
2020-07-21,3330.55,3336.68,3320.89,3300.57,3592520.25,6.74,0.2,3284.114,3351.583,3216.252,4240206.8,4984525.3,4275678.03
2020-07-20,3243.91,3314.15,3314.15,3220.68,4185553.0,100.02,3.11,3302.86,3354.028,3198.589,4608125.75,5283113.43,4228208.99
2020-07-17,3214.4,3252.78,3214.13,3181.27,3596524.25,4.03,0.13,3328.688,3355.901,3179.848,4887028.95,5508437.03,4148277.03
2020-07-16,3356.36,3373.53,3210.1,3209.73,4906131.0,-151.2,-4.5,3362.526,3349.769,3165.935,5279964.1,5607578.45,4085778.01
2020-07-15,3422.08,3432.45,3361.3,3345.75,4920305.5,-53.32,-1.56,3410.624,3337.816,3152.017,5538741.5,5508093.35,3952128.0
2020-07-14,3435.02,3451.22,3414.62,3366.08,5432115.0,-28.67,-0.83,3419.052,3304.284,3128.454,5728843.8,5289375.95,3827715.25
2020-07-13,3379.39,3458.79,3443.29,3369.04,5580069.0,59.97,1.77,3405.196,3261.289,3103.71,5958101.1,4961121.68,3674113.83
2020-07-10,3418.93,3433.11,3383.32,3372.51,5561200.0,-67.27,-1.95,3383.114,3213.112,3077.59,6129845.1,4623737.5,3511971.85
2020-07-09,3403.48,3456.97,3450.59,3393.64,6200018.0,47.15,1.39,3337.012,3172.735,3055.612,5935192.8,4280818.23,3337874.84
2020-07-08,3337.55,3421.53,3403.44,3327.71,5870817.0,58.1,1.74,3265.008,3124.738,3030.888,5477445.2,3886028.63,3132398.23
2020-07-07,3380.95,3407.08,3345.34,3336.24,6578401.5,12.46,0.37,3189.516,3080.921,3007.604,4849908.1,3566830.75,2954419.56
2020-07-06,3187.84,3337.27,3332.88,3187.84,6438789.0,180.07,5.71,3117.382,3043.15,2986.877,3964142.25,3173304.55,2734179.82
2020-07-03,3104.0,3152.81,3152.81,3104.0,4587938.5,62.24,2.01,3043.11,3003.794,2966.196,3117629.9,2788117.03,2525543.31
2020-07-02,3023.72,3092.44,3090.57,3021.67,3911280.0,64.59,2.13,3008.458,2982.1,2954.724,2626443.65,2563977.58,2423978.37
2020-07-01,2991.18,3026.19,3025.98,2984.98,2733131.5,41.31,1.38,2984.468,2966.218,2946.265,2294612.05,2396162.65,2356468.39
2020-06-30,2965.11,2990.83,2984.67,2965.11,2149572.25,23.15,0.78,2972.326,2952.623,2940.738,2283753.4,2366054.55,2349909.84
2020-06-29,2973.08,2977.91,2961.52,2951.77,2206227.25,-18.03,-0.6,2968.918,2946.13,2934.122,2382466.85,2387105.98,2345827.63
2020-06-24,2972.98,2982.94,2979.55,2971.22,2132007.25,8.93,0.3,2964.478,2942.068,2928.357,2458604.15,2400206.2,2339289.28
2020-06-23,2960.89,2972.4,2970.62,2949.85,2252122.0,5.35,0.18,2955.742,2938.488,2921.219,2501511.5,2394931.45,2331763.59
2020-06-22,2966.9,2983.44,2965.27,2959.04,2678838.25,-2.36,-0.08,2947.968,2937.037,2915.016,2497713.25,2378767.84,2306438.68
2020-06-19,2938.79,2973.32,2967.63,2935.82,2643139.5,28.31,0.96,2932.92,2934.287,2907.651,2448355.7,2342008.36,2258939.54
2020-06-18,2929.88,2942.9,2939.32,2920.11,2586913.75,3.45,0.12,2923.342,2930.604,2899.958,2391745.1,2295055.09,2231314.43
2020-06-17,2932.67,2936.62,2935.87,2919.04,2346544.0,4.12,0.14,2919.658,2928.597,2896.388,2341808.25,2262969.59,2203734.76
2020-06-16,2912.83,2931.78,2931.75,2909.13,2233130.75,41.72,1.44,2921.234,2927.347,2893.781,2288351.4,2283979.16,2191667.54
2020-06-15,2908.28,2922.54,2890.03,2890.03,2432050.5,-29.71,-1.02,2926.106,2926.312,2892.123,2259822.43,2316774.14,2178622.21
2020-06-12,2876.8,2930.26,2919.74,2872.62,2360086.5,-1.16,-0.04,2935.654,2928.852,2891.392,2235661.03,2333765.14,2170031.12
2020-06-11,2939.79,2952.65,2920.9,2912.19,2337229.5,-22.85,-0.78,2937.866,2922.113,2888.828,2198365.08,2304549.29,2146518.59
2020-06-10,2951.28,2951.33,2943.75,2934.84,2079259.75,-12.36,-0.42,2937.536,2914.645,2886.3,2184130.93,2278372.36,2128545.21
2020-06-09,2939.54,2957.12,2956.11,2932.94,2090485.88,18.34,0.62,2933.46,2903.95,2884.015,2279606.93,2268595.73,2117112.88
2020-06-08,2941.98,2950.07,2937.77,2934.21,2311243.5,6.97,0.24,2926.518,2892.994,2880.788,2373725.85,2234109.51,2111130.08
2020-06-05,2923.19,2930.8,2930.8,2909.12,2173606.75,11.55,0.4,2922.05,2881.014,2878.639,2431869.25,2175870.73,2108128.11
2020-06-04,2931.84,2932.97,2919.25,2910.75,2266058.75,-4.12,-0.14,2906.36,2869.311,2876.866,2410733.5,2167573.76,2112858.81
2020-06-03,2930.39,2942.76,2923.37,2922.66,2556639.75,1.97,0.07,2891.754,2864.178,2874.48,2372613.8,2144499.93,2112924.34
2020-06-02,2916.32,2926.36,2921.4,2909.13,2561080.5,5.97,0.2,2874.44,2860.215,2872.218,2257584.53,2099355.93,2110005.67
2020-06-01,2871.96,2917.15,2915.43,2871.96,2601960.5,63.08,2.21,2859.47,2857.933,2869.152,2094493.18,2040470.28,2103179.28
2020-05-29,2835.58,2855.38,2852.35,2829.63,2067928.0,6.13,0.21,2839.978,2853.932,2864.503,1919872.2,2006297.1,2074112.16
2020-05-28,2838.21,2861.92,2846.22,2820.15,2075460.25,9.42,0.33,2832.262,2855.543,2862.386,1924414.02,1988487.89,2097652.14
2020-05-27,2847.32,2849.0,2836.8,2831.93,1981493.38,-9.75,-0.34,2836.602,2857.955,2860.85,1916386.05,1978718.06,2098944.61
2020-05-26,2827.9,2848.34,2846.55,2825.9,1745623.75,28.58,1.01,2845.99,2864.08,2859.436,1941127.32,1965630.04,2117462.48
2020-05-25,2816.24,2821.5,2817.97,2802.47,1728855.62,4.2,0.15,2856.396,2868.581,2859.034,1986447.37,1988150.65,2154570.81
2020-05-22,2863.05,2863.05,2813.77,2808.02,2090637.12,-54.15,-1.89,2867.886,2876.264,2860.334,2092722.0,2040385.49,2176788.03
2020-05-21,2890.72,2891.52,2867.92,2864.21,2035320.38,-15.82,-0.55,2878.824,2884.421,2860.996,2052561.75,2058143.85,2188874.11
2020-05-20,2896.47,2896.47,2883.74,2876.18,2105199.75,-14.84,-0.51,2879.308,2884.781,2860.228,2041050.08,2081348.76,2193031.63
2020-05-19,2897.69,2900.22,2898.58,2887.58,1972224.0,23.16,0.81,2882.17,2884.221,2857.965,1990132.75,2120655.41,2210640.01
2020-05-18,2872.52,2889.98,2875.42,2862.27,2260228.75,6.96,0.24,2880.766,2880.371,2854.033,1989853.93,2165888.29,2213530.7
2020-05-15,2880.71,2884.22,2868.46,2863.37,1889835.88,-1.88,-0.07,2884.642,2875.073,2850.821,1988048.98,2141927.23,2203329.84
2020-05-14,2887.06,2887.06,2870.34,2869.18,1977762.0,-27.71,-0.96,2890.018,2869.229,2848.762,2063725.95,2206816.39,2210186.33
2020-05-13,2882.96,2900.26,2898.05,2875.54,1850613.12,6.49,0.22,2890.254,2863.744,2844.397,2121647.45,2219171.16,2199860.51
2020-05-12,2894.62,2897.9,2891.56,2871.23,1970829.88,-3.24,-0.11,2886.272,2854.792,2839.326,2251178.08,2269294.93,2224057.24
2020-05-11,2901.57,2914.28,2894.8,2884.38,2251204.0,-0.54,-0.02,2879.976,2849.486,2836.043,2341922.65,2320990.96,2244608.17
2020-05-08,2882.71,2903.8,2895.34,2879.2,2268220.75,23.82,0.83,2865.504,2844.404,2832.072,2295805.47,2313190.56,2253805.62
2020-05-07,2876.47,2882.02,2871.52,2864.58,2267369.5,-6.62,-0.23,2848.44,2837.571,2828.343,2349906.82,2319604.36,2275493.67
2020-05-06,2831.63,2879.26,2878.14,2830.65,2498266.25,18.06,0.63,2837.234,2835.674,2822.966,2316694.87,2304714.49,2262543.89
2020-04-30,2832.38,2865.59,2860.08,2832.38,2424552.75,37.64,1.33,2823.312,2831.709,2818.091,2287411.77,2300624.61,2246562.88
2020-04-29,2801.38,2831.76,2822.44,2800.74,2020618.12,12.42,0.44,2818.996,2827.695,2811.813,2300059.27,2261173.11,2233961.96
2020-04-28,2819.99,2821.75,2810.02,2758.25,2538727.5,-5.47,-0.19,2823.304,2826.568,2808.206,2330575.65,2264732.45,2242230.39
2020-04-27,2812.24,2832.67,2815.49,2802.96,2101309.75,6.96,0.25,2826.702,2828.294,2805.066,2289301.9,2213556.28,2235147.31
2020-04-24,2834.94,2834.94,2808.53,2802.5,2351850.75,-29.97,-1.06,2834.114,2825.05,2802.901,2292734.1,2180549.85,2250463.86
2020-04-23,2850.51,2853.64,2838.5,2835.9,2487790.25,-5.48,-0.19,2840.106,2823.86,2800.72,2313837.45,2178819.55,2249913.34
2020-04-22,2814.07,2843.98,2843.98,2808.48,2173200.0,16.97,0.6,2836.394,2822.6,2797.875,2222286.95,2168225.38,2262096.06
2020-04-21,2842.24,2842.24,2827.01,2808.02,2332358.75,-25.54,-0.9,2829.832,2819.739,2791.798,2198889.25,2194420.68,2281947.03
2020-04-20,2840.41,2852.99,2852.55,2833.26,2118470.75,14.06,0.49,2829.886,2819.114,2783.456,2137810.65,2231382.98,2290239.21
2020-04-17,2835.56,2854.96,2838.49,2830.02,2457367.5,18.55,0.66,2815.986,2810.258,2778.109,2068365.6,2220373.3,2310325.43
2020-04-16,2798.43,2823.34,2819.94,2796.84,2030037.75,8.77,0.31,2807.614,2804.473,2771.291,2043801.65,2192501.15,2338608.43
2020-04-15,2826.66,2829.75,2811.17,2808.7,2056211.5,-16.11,-0.57,2808.806,2795.931,2766.732,2114163.8,2206750.8,2382686.46
2020-04-14,2794.8,2827.3,2827.28,2789.43,2026965.75,44.23,1.59,2809.646,2789.844,2765.156,2189952.1,2219728.33,2432950.73
2020-04-13,2784.6,2792.89,2783.05,2774.08,1771245.5,-13.58,-0.49,2808.342,2781.837,2763.254,2324955.3,2256738.35,2507541.78
2020-04-10,2827.19,2833.01,2796.63,2789.98,2334547.75,-29.27,-1.04,2804.53,2780.752,2768.473,2372381.0,2320377.88,2602204.71
2020-04-09,2825.84,2832.4,2825.9,2820.43,2381848.5,10.53,0.37,2801.332,2777.58,2774.816,2341200.65,2321007.13,2639366.55
2020-04-08,2805.92,2823.21,2815.37,2800.3,2435153.0,-5.39,-0.19,2783.056,2773.149,2781.947,2299337.8,2355966.75,2696509.61
2020-04-07,2806.97,2823.28,2820.76,2801.84,2701981.75,56.77,2.05,2770.042,2763.856,2791.017,2249504.55,2369473.38,2771400.29
2020-04-03,2773.58,2780.59,2763.99,2754.07,2008374.0,-16.65,-0.6,2755.332,2747.797,2797.143,2188521.4,2349095.45,2843581.56
2020-04-02,2720.23,2780.64,2780.64,2719.9,2178646.0,46.12,1.69,2756.974,2745.96,2810.669,2268374.75,2400277.55,2924193.63
2020-04-01,2743.54,2773.36,2734.52,2731.08,2172534.25,-15.78,-0.57,2753.828,2738.109,2825.221,2300813.6,2484715.7,3037974.23
2020-03-31,2767.31,2771.17,2750.3,2743.12,2185986.75,3.09,0.11,2763.242,2737.533,2839.079,2412595.7,2558622.13,3106016.65
2020-03-30,2739.72,2759.1,2747.21,2723.05,2397066.0,-24.99,-0.9,2757.67,2740.467,2851.209,2489442.2,2646173.13,3201771.34
2020-03-27,2792.98,2805.55,2772.2,2771.76,2407640.75,7.29,0.26,2740.262,2744.671,2862.395,2509669.5,2758345.2,3265584.73
2020-03-26,2761.9,2788.5,2764.91,2753.43,2340840.25,-16.68,-0.6,2734.946,2756.194,2867.8,2532180.35,2884031.55,3345811.15
2020-03-25,2775.3,2788.64,2781.59,2757.8,2731444.75,59.15,2.17,2722.39,2772.052,2879.121,2668617.8,2957725.98,3404030.96
2020-03-24,2703.02,2723.41,2722.44,2667.13,2570219.25,62.27,2.34,2711.824,2790.745,2889.438,2704648.55,3037052.48,3501983.5
2020-03-23,2677.59,2703.33,2660.17,2656.5,2498202.5,-85.45,-3.11,2723.264,2818.177,2903.968,2802904.05,3173327.2,3594283.91
2020-03-20,2727.02,2751.9,2745.62,2702.49,2520195.0,43.49,1.61,2749.08,2846.489,2922.521,3007020.9,3338067.68,3654588.81
2020-03-19,2719.41,2736.82,2702.13,2646.8,3023027.5,-26.63,-0.98,2777.442,2875.378,2937.224,3235882.75,3448109.7,3710857.7
2020-03-18,2792.32,2815.87,2728.76,2728.76,2911598.5,-50.88,-1.83,2821.714,2912.333,2953.625,3246834.15,3591232.75,3732572.76
2020-03-17,2796.28,2826.91,2779.64,2715.22,3061496.75,-9.61,-0.34,2869.666,2940.624,2965.957,3369456.4,3653411.18,3744563.41
2020-03-16,2897.3,2898.03,2789.25,2784.66,3518786.75,-98.18,-3.4,2913.09,2961.95,2976.223,3543750.35,3757369.55,3747321.54
2020-03-13,2804.23,2910.88,2887.43,2799.98,3664504.25,-36.06,-1.23,2943.898,2980.118,2985.942,3669114.45,3772824.25,3727981.2
2020-03-12,2936.02,2944.47,2923.49,2906.28,3077784.5,-45.03,-1.52,2973.314,2979.405,2987.421,3660336.65,3807590.75,3670081.3
2020-03-11,3001.76,3010.03,2968.52,2968.52,3524709.75,-28.24,-0.94,3002.952,2986.189,2986.55,3935631.35,3850335.95,3653594.5
2020-03-10,2918.93,3000.3,2996.76,2904.8,3932966.5,53.47,1.82,3011.582,2988.13,2984.469,3937365.95,3966914.53,3601725.73
2020-03-09,2987.18,2989.21,2943.29,2940.71,4145607.25,-91.22,-3.01,3010.81,2989.759,2979.714,3970988.75,4015240.63,3539661.56
2020-03-06,3039.94,3052.44,3034.51,3029.46,3620615.25,-37.17,-1.21,3016.338,2998.553,2977.074,3876534.05,3971109.95,3479846.09
2020-03-05,3036.15,3074.26,3071.68,3022.93,4454258.0,60.01,1.99,2985.496,2999.069,2969.147,3954844.85,3973605.7,3453555.15
2020-03-04,2981.81,3012.0,3011.67,2974.36,3533382.75,18.77,0.63,2969.426,2994.916,2958.888,3765040.55,3873912.78,3389038.33
2020-03-03,3006.89,3026.84,2992.9,2976.62,4101080.5,21.97,0.74,2964.678,2991.289,2949.209,3996463.1,3835715.65,3367250.1
2020-03-02,2899.31,2982.51,2970.93,2899.31,3673333.75,90.63,3.15,2968.708,2990.496,2938.729,4059492.5,3737273.53,3344219.18
2020-02-28,2924.64,2948.13,2880.3,2878.54,4012169.25,-111.03,-3.71,2980.768,2991.765,2927.513,4065685.85,3683138.15,3268508.54
2020-02-27,2992.49,3009.46,2991.33,2980.48,3505236.5,3.4,0.11,3012.642,2995.436,2932.324,3992366.55,3532571.85,3204281.69
2020-02-26,2978.42,3028.78,2987.93,2974.94,4690495.5,-25.12,-0.83,3020.406,2986.91,2935.795,3982785.0,3456853.05,3140946.3
2020-02-25,2982.07,3016.95,3013.05,2943.72,4416227.5,-18.18,-0.6,3017.9,2980.807,2939.006,3674968.2,3236536.93,3023836.9
2020-02-24,3027.89,3042.18,3031.23,3007.36,3704300.5,-8.44,-0.28,3012.284,2969.669,2943.143,3415054.55,3064082.5,2908272.2
2020-02-21,3022.25,3058.9,3039.67,3020.14,3645572.75,9.52,0.31,3002.762,2955.595,2945.356,3300590.45,2988582.23,2818209.33
2020-02-20,2981.88,3031.37,3030.15,2968.45,3457328.75,54.75,1.84,2978.23,2939.224,2947.077,3072777.15,2933504.6,2737618.43
2020-02-19,2979.52,2998.27,2975.4,2971.82,3151411.5,-9.57,-0.32,2953.414,2922.86,2950.071,2930921.1,2904163.88,2665908.5
2020-02-18,2981.41,2990.6,2984.97,2960.78,3116659.25,1.35,0.04,2943.714,2907.129,2956.642,2798105.65,2898784.55,2623324.81
2020-02-17,2924.99,2983.64,2983.62,2924.99,3131980.0,66.61,2.28,2927.054,2886.961,2963.172,2713110.45,2951164.83,2572802.35
2020-02-14,2899.87,2926.94,2917.01,2899.57,2506506.25,10.94,0.38,2908.428,2863.26,2968.606,2676574.0,2853878.93,2521424.58
2020-02-13,2927.14,2935.41,2906.07,2901.24,2748048.5,-20.83,-0.71,2900.218,2869.212,2977.499,2794232.05,2875991.53,2517817.09
2020-02-12,2895.56,2926.9,2926.9,2892.42,2487334.25,25.23,0.87,2892.306,2884.68,2985.54,2877406.65,2825039.55,2529350.94
2020-02-11,2894.54,2913.82,2901.67,2882.24,2691683.25,11.18,0.39,2870.544,2897.204,2994.435,2999463.45,2811136.88,2543275.78
2020-02-10,2860.5,2891.85,2890.49,2851.05,2949297.75,14.53,0.51,2846.868,2916.616,3003.522,3189219.2,2752461.9,2564979.54
2020-02-07,2858.93,2875.96,2875.96,2838.77,3094796.5,9.45,0.33,2818.092,2935.117,3013.187,3031183.85,2647836.43,2548262.99
2020-02-06,2826.89,2876.59,2866.51,2807.61,3163921.5,48.42,1.72,2838.206,2954.929,3023.649,2957751.0,2541732.25,2539758.26
2020-02-05,2792.37,2842.74,2818.09,2778.86,3097618.25,34.8,1.25,2877.054,2977.282,3032.83,2772672.45,2427653.13,2490276.7
2020-02-04,2685.27,2786.16,2783.29,2685.27,3640462.0,36.68,1.33,2923.864,3006.155,3043.926,2622810.3,2347865.08,2459429.05
2020-02-03,2716.7,2766.58,2746.61,2716.7,2159121.0,-229.92,-7.72,2986.364,3039.383,3055.014,2315704.6,2194439.88,2400957.34
2020-01-23,3037.95,3045.04,2976.53,2955.35,2727632.25,-84.22,-2.75,3052.142,3073.951,3068.051,2264489.0,2188970.23,2384221.5
2020-01-22,3038.49,3069.25,3060.75,3006.27,2238528.75,8.61,0.28,3071.652,3085.786,3068.318,2125713.5,2159642.65,2335666.9
2020-01-21,3085.79,3085.79,3052.14,3051.23,2348307.5,-43.65,-1.41,3077.51,3086.4,3064.415,2082633.8,2233662.33,2305255.59
2020-01-20,3082.11,3096.31,3095.79,3070.48,2104933.5,20.29,0.66,3088.446,3091.666,3059.945,2072919.85,2275414.68,2290698.52
2020-01-17,3081.46,3091.95,3075.5,3067.25,1903043.0,1.42,0.05,3092.402,3090.428,3055.403,2073175.15,2377497.18,2292989.72
2020-01-16,3095.73,3096.37,3074.08,3070.88,2033754.75,-15.96,-0.52,3095.76,3091.257,3052.481,2113451.45,2448689.55,2302149.7
2020-01-15,3103.17,3107.94,3090.04,3082.04,2023130.25,-16.78,-0.54,3099.92,3092.369,3049.629,2193571.8,2537784.28,2322506.81
2020-01-14,3120.67,3127.17,3106.82,3105.6,2299737.75,-8.75,-0.28,3095.29,3088.377,3046.248,2384690.85,2552900.28,2367866.42
2020-01-13,3091.49,3115.57,3115.57,3075.38,2106210.0,23.28,0.75,3094.886,3081.697,3040.127,2477909.5,2570993.03,2358810.6
2020-01-10,3102.29,3105.22,3092.29,3081.4,2104424.5,-2.59,-0.08,3088.454,3070.644,3032.732,2681819.2,2607474.8,2359489.39
2020-01-09,3082.64,3097.33,3094.88,3080.13,2434356.5,27.99,0.91,3086.754,3062.15,3023.903,2783927.65,2579472.78,2330148.56
2020-01-08,3094.24,3094.24,3066.89,3059.13,2978725.5,-37.91,-1.22,3084.818,3050.85,3015.38,2881996.75,2511691.15,2291201.28
2020-01-07,3085.49,3105.45,3104.8,3084.33,2765831.0,21.39,0.69,3081.464,3042.429,3007.901,2721109.7,2376848.85,2227327.01
2020-01-06,3070.91,3107.2,3083.41,3065.31,3125758.5,-0.38,-0.01,3068.508,3028.224,2998.385,2664076.55,2305982.36,2169433.72
2020-01-03,3089.02,3093.82,3083.79,3074.52,2614966.75,-1.41,-0.05,3052.834,3020.377,2989.815,2533130.4,2208482.26,2080210.23
2020-01-02,3066.34,3098.1,3085.2,3066.34,2924702.0,35.08,1.15,3037.546,3013.705,2980.599,2375017.9,2155609.85,2021043.44
